Index,Version ID,Version Name,Date
1,1,3.0.0,2008-10-27
2,2,3.0.1,2008-12-04
3,3,3.1.0,2009-02-13
4,4,3.1.1,2009-03-27
5,5,3.2.0,2009-07-08
6,6,3.2.1,2009-09-04
7,7,3.1.2,2009-12-14
8,8,3.2.2,2009-12-14
9,9,3.3.0,2010-03-25
10,10,3.3.1,2010-05-17
11,11,3.3.2,2010-11-11
12,12,3.3.3,2011-02-27
13,13,3.4.0,2011-11-22
14,14,3.3.4,2011-11-26
15,15,3.4.1,2011-12-16
16,16,3.4.2,2011-12-29
17,17,3.4.3,2012-02-13
18,18,3.3.5,2012-03-20
19,19,3.3.6,2012-08-02
20,20,3.4.4,2012-09-23
21,21,3.4.5,2012-11-18
22,22,3.4.6,2014-03-10
23,23,3.5.0,2014-08-04
24,24,3.5.1,2015-09-02
25,25,3.4.7,2015-12-03
26,26,3.4.8,2016-02-22
27,27,3.5.2,2016-07-21
28,28,3.4.9,2016-09-03
29,29,3.4.10,2017-03-30
30,30,3.5.3,2017-04-17
31,31,3.4.11,2017-11-09
32,32,3.4.12,2018-05-01
33,33,3.5.4,2018-05-17
34,34,3.4.13,2018-07-17
35,35,3.4.14,2019-04-02
36,36,3.5.5,2019-05-20
37,37,3.5.6,2019-10-17
38,38,3.5.7,2020-02-14
39,39,3.6.1,2020-04-30
40,40,3.5.8,2020-05-11
41,41,3.6.2,2020-09-09
42,42,3.5.9,2021-01-14
43,43,3.7.0,2021-03-27
44,44,3.6.3,2021-04-13
45,45,3.8.0,2022-03-07
46,46,3.7.1,2022-05-12
47,47,3.5.10,2022-06-04
48,48,3.6.4,2022-12-22
49,49,3.8.1,2023-01-30
50,50,3.8.2,2023-07-18
51,51,3.9.0,2023-08-03
52,52,3.7.2,2023-10-09
53,53,3.8.3,2023-10-09
54,54,3.9.1,2023-10-09
55,55,3.8.4,2024-03-05
56,56,3.9.2,2024-03-12
